,country,target,model,params,f1,accuracy,precision,recall,roc_auc
0,Five_countries,if_emo_vio,BalancedRandomForest,"{'criterion': 'gini', 'max_depth': 5, 'min_samples_split': 2}",0.3714718898195978,0.6097800521292022,0.2756307107192488,0.5696649861766141,0.6388257790667418
1,Five_countries,if_emo_vio,BalancedRandomForest,"{'criterion': 'gini', 'max_depth': 5, 'min_samples_split': 5}",0.3679244582555196,0.6084117272913274,0.27327647426289,0.5631387217433729,0.6385198648062469
2,Five_countries,if_emo_vio,BalancedRandomForest,"{'criterion': 'gini', 'max_depth': 10, 'min_samples_split': 2}",0.3769247794967403,0.6012915988364336,0.2756993348914947,0.5957581178511411,0.6456661530327994
3,Five_countries,if_emo_vio,BalancedRandomForest,"{'criterion': 'gini', 'max_depth': 10, 'min_samples_split': 5}",0.3769672835407311,0.5992633414284826,0.27509525670509627,0.5987862525071826,0.6467076424894352
4,Five_countries,if_emo_vio,BalancedRandomForest,"{'criterion': 'gini', 'max_depth': 15, 'min_samples_split': 2}",0.3744816844584277,0.5929921583802585,0.271800351422389,0.602055618799805,0.6393428593192383
5,Five_countries,if_emo_vio,BalancedRandomForest,"{'criterion': 'gini', 'max_depth': 15, 'min_samples_split': 5}",0.37428190342091006,0.5951143551012784,0.27237110171520734,0.598319509947417,0.639956785549139
6,Five_countries,if_emo_vio,BalancedRandomForest,"{'criterion': 'entropy', 'max_depth': 5, 'min_samples_split': 2}",0.36979895034097016,0.6087438285607537,0.27437657896713463,0.5671019677996422,0.6389874588771163
7,Five_countries,if_emo_vio,BalancedRandomForest,"{'criterion': 'entropy', 'max_depth': 5, 'min_samples_split': 5}",0.36996545116902857,0.605300254418973,0.2733350950480033,0.5724611047866862,0.6398811159600525
8,Five_countries,if_emo_vio,BalancedRandomForest,"{'criterion': 'entropy', 'max_depth': 10, 'min_samples_split': 2}",0.37658247496280917,0.6007258279736329,0.2753198733615079,0.595753239009053,0.6475753194434628
9,Five_countries,if_emo_vio,BalancedRandomForest,"{'criterion': 'entropy', 'max_depth': 10, 'min_samples_split': 5}",0.37546586695038064,0.6019513534911443,0.27515609094846993,0.5910950290020057,0.6461871701733783
10,Five_countries,if_emo_vio,BalancedRandomForest,"{'criterion': 'entropy', 'max_depth': 15, 'min_samples_split': 2}",0.37729897151279446,0.5971422789179188,0.27451137297454203,0.6032216620588715,0.6403743619080892
11,Five_countries,if_emo_vio,BalancedRandomForest,"{'criterion': 'entropy', 'max_depth': 15, 'min_samples_split': 5}",0.3750131926798729,0.5980843852579327,0.27372822049624257,0.5955271859923023,0.6398699706564246
0,Five_countries,if_phy_vio,BalancedRandomForest,"{'criterion': 'gini', 'max_depth': 5, 'min_samples_split': 2}",0.34127130567281105,0.6848236636332097,0.2440066260905181,0.567916307161346,0.6888554521504714
1,Five_countries,if_phy_vio,BalancedRandomForest,"{'criterion': 'gini', 'max_depth': 5, 'min_samples_split': 5}",0.3423714313648251,0.6855773131221478,0.2448139471921365,0.5695610440034512,0.68959989826593
2,Five_countries,if_phy_vio,BalancedRandomForest,"{'criterion': 'gini', 'max_depth': 10, 'min_samples_split': 2}",0.350135492500846,0.6806726535187211,0.2475676024903332,0.5981104400345126,0.6937117282656856
3,Five_countries,if_phy_vio,BalancedRandomForest,"{'criterion': 'gini', 'max_depth': 10, 'min_samples_split': 5}",0.35268408678340474,0.6821822653963511,0.24936316318522828,0.6023759706643659,0.6961137725432754
4,Five_countries,if_phy_vio,BalancedRandomForest,"{'criterion': 'gini', 'max_depth': 15, 'min_samples_split': 2}",0.34280413319641134,0.6627514611299405,0.23812512617106188,0.6118841673856774,0.6891490050198444
5,Five_countries,if_phy_vio,BalancedRandomForest,"{'criterion': 'gini', 'max_depth': 15, 'min_samples_split': 5}",0.3417681826296054,0.6628931484792684,0.23757861593159327,0.6089322691975843,0.6921184522408667
6,Five_countries,if_phy_vio,BalancedRandomForest,"{'criterion': 'entropy', 'max_depth': 5, 'min_samples_split': 2}",0.3456813808406819,0.6867565139263252,0.24703768890195765,0.5757905522001725,0.6887480397632741
7,Five_countries,if_phy_vio,BalancedRandomForest,"{'criterion': 'entropy', 'max_depth': 5, 'min_samples_split': 5}",0.3422231027096787,0.6861433730974176,0.24497114720738514,0.5679152286453839,0.6884192274882996
8,Five_countries,if_phy_vio,BalancedRandomForest,"{'criterion': 'entropy', 'max_depth': 10, 'min_samples_split': 2}",0.34570977929167124,0.6785505012765427,0.24436942521566052,0.5908843830888697,0.6952399042808676
9,Five_countries,if_phy_vio,BalancedRandomForest,"{'criterion': 'entropy', 'max_depth': 10, 'min_samples_split': 5}",0.34897126808479123,0.6782671710567284,0.2461209149992709,0.5997422346850734,0.6957641975875404
10,Five_countries,if_phy_vio,BalancedRandomForest,"{'criterion': 'entropy', 'max_depth': 15, 'min_samples_split': 2}",0.34332765040113905,0.6624220953092614,0.23832122073711606,0.6138578515962035,0.6923263588767761
11,Five_countries,if_phy_vio,BalancedRandomForest,"{'criterion': 'entropy', 'max_depth': 15, 'min_samples_split': 5}",0.34485210271101085,0.666808176100629,0.24034316587504462,0.6102459016393442,0.6930460942884253
0,Five_countries,if_sex_vio,BalancedRandomForest,"{'criterion': 'gini', 'max_depth': 5, 'min_samples_split': 2}",0.13137452621657056,0.6420003024561216,0.07332374053562586,0.6322222222222222,0.6859750216307682
1,Five_countries,if_sex_vio,BalancedRandomForest,"{'criterion': 'gini', 'max_depth': 5, 'min_samples_split': 5}",0.1320357557505748,0.6392655431311326,0.07361364148099124,0.640989010989011,0.6876881401522893
2,Five_countries,if_sex_vio,BalancedRandomForest,"{'criterion': 'gini', 'max_depth': 10, 'min_samples_split': 2}",0.12612968740618655,0.6357286746194835,0.07029961882956917,0.6134554334554334,0.6776836803275461
3,Five_countries,if_sex_vio,BalancedRandomForest,"{'criterion': 'gini', 'max_depth': 10, 'min_samples_split': 5}",0.12691133927169673,0.63049440456175,0.0706165188541327,0.6266666666666667,0.6818748887090738
4,Five_countries,if_sex_vio,BalancedRandomForest,"{'criterion': 'gini', 'max_depth': 15, 'min_samples_split': 2}",0.12120428196005584,0.6205904788592067,0.06729167066484608,0.6101221001221002,0.6646945228152464
5,Five_countries,if_sex_vio,BalancedRandomForest,"{'criterion': 'gini', 'max_depth': 15, 'min_samples_split': 5}",0.12339902999295652,0.6218638858495014,0.06851469083191306,0.6210989010989011,0.6696262671981887
6,Five_countries,if_sex_vio,BalancedRandomForest,"{'criterion': 'entropy', 'max_depth': 5, 'min_samples_split': 2}",0.13016453126625516,0.6428036792897618,0.07267332949938353,0.6245299145299146,0.6854984533155488
7,Five_countries,if_sex_vio,BalancedRandomForest,"{'criterion': 'entropy', 'max_depth': 5, 'min_samples_split': 5}",0.1314929988884407,0.6432273624936619,0.07340189248935743,0.6311355311355311,0.6838925916511953
8,Five_countries,if_sex_vio,BalancedRandomForest,"{'criterion': 'entropy', 'max_depth': 10, 'min_samples_split': 2}",0.1255749804908552,0.6300229510821702,0.06987311610113348,0.62002442002442,0.6800447324788006
9,Five_countries,if_sex_vio,BalancedRandomForest,"{'criterion': 'entropy', 'max_depth': 10, 'min_samples_split': 5}",0.13212327083407788,0.6383699838986593,0.0736424902147148,0.642136752136752,0.6836332433519817
10,Five_countries,if_sex_vio,BalancedRandomForest,"{'criterion': 'entropy', 'max_depth': 15, 'min_samples_split': 2}",0.12565529082207622,0.6223352503713983,0.06975200565032061,0.6331990231990232,0.6681486812949957
11,Five_countries,if_sex_vio,BalancedRandomForest,"{'criterion': 'entropy', 'max_depth': 15, 'min_samples_split': 5}",0.12467087302941326,0.6212029302660724,0.06918588713217254,0.6299877899877899,0.6738372960520103
0,Five_countries,if_vio,BalancedRandomForest,"{'criterion': 'gini', 'max_depth': 5, 'min_samples_split': 2}",0.42716893294490743,0.6034235586631439,0.3408373519471393,0.5722901293051682,0.6375945933879763
1,Five_countries,if_vio,BalancedRandomForest,"{'criterion': 'gini', 'max_depth': 5, 'min_samples_split': 5}",0.42873596958892835,0.6049325478369939,0.3423245309548614,0.5737513177384272,0.6383623110717487
2,Five_countries,if_vio,BalancedRandomForest,"{'criterion': 'gini', 'max_depth': 10, 'min_samples_split': 2}",0.4338684053557594,0.6138930773131221,0.3492992966689547,0.5726514231575015,0.6439233188826892
3,Five_countries,if_vio,BalancedRandomForest,"{'criterion': 'gini', 'max_depth': 10, 'min_samples_split': 5}",0.4345406792030776,0.616628615017836,0.351040594894227,0.5702761579417925,0.6466168561988479
4,Five_countries,if_vio,BalancedRandomForest,"{'criterion': 'gini', 'max_depth': 15, 'min_samples_split': 2}",0.43099472718832177,0.6045551226281658,0.342974328464268,0.57995302846315,0.6370935971417238
5,Five_countries,if_vio,BalancedRandomForest,"{'criterion': 'gini', 'max_depth': 15, 'min_samples_split': 5}",0.4324569279982252,0.6063475754583545,0.3445613912330231,0.5806802866331282,0.6381242062371854
6,Five_countries,if_vio,BalancedRandomForest,"{'criterion': 'entropy', 'max_depth': 5, 'min_samples_split': 2}",0.42816998298269027,0.6038473308247266,0.3416151110748202,0.5739324650715916,0.6378961703303858
7,Five_countries,if_vio,BalancedRandomForest,"{'criterion': 'entropy', 'max_depth': 5, 'min_samples_split': 5}",0.4284777091225904,0.6050732566518107,0.34233478458719824,0.5730170538704813,0.6381007146058724
8,Five_countries,if_vio,BalancedRandomForest,"{'criterion': 'entropy', 'max_depth': 10, 'min_samples_split': 2}",0.43365011670806625,0.6137516568368426,0.3490739309422327,0.5724716102429976,0.6457375292702857
9,Five_countries,if_vio,BalancedRandomForest,"{'criterion': 'entropy', 'max_depth': 10, 'min_samples_split': 5}",0.43318920375414444,0.6133272842109008,0.34871034200491063,0.5719241649875232,0.645827318007638
10,Five_countries,if_vio,BalancedRandomForest,"{'criterion': 'entropy', 'max_depth': 15, 'min_samples_split': 2}",0.4295753603667537,0.6021038714383569,0.3411021969931244,0.5801351766103097,0.635868552831916
11,Five_countries,if_vio,BalancedRandomForest,"{'criterion': 'entropy', 'max_depth': 15, 'min_samples_split': 5}",0.434335798800233,0.6062059548272887,0.3453530891192042,0.5852486689173861,0.6422859516381904
0,Five_countries,if_emo_vio,WeightedRandomForest,"{'class_weight': 'balanced', 'criterion': 'gini', 'max_depth': 5, 'min_samples_split': 2, 'n_estimators': 10}",0.3641604400655455,0.6130443098218178,0.2734915445552657,0.5454173636216478,0.6315130210407692
1,Five_countries,if_emo_vio,WeightedRandomForest,"{'class_weight': 'balanced', 'criterion': 'gini', 'max_depth': 5, 'min_samples_split': 5, 'n_estimators': 10}",0.3710499935728274,0.6089888402586888,0.27587670919692703,0.5684249716721523,0.6331639549378686
2,Five_countries,if_emo_vio,WeightedRandomForest,"{'class_weight': 'balanced', 'criterion': 'gini', 'max_depth': 10, 'min_samples_split': 2, 'n_estimators': 10}",0.35246793162825624,0.6579423865567149,0.28632890680296536,0.4592278638105002,0.627930415481622
3,Five_countries,if_emo_vio,WeightedRandomForest,"{'class_weight': 'balanced', 'criterion': 'gini', 'max_depth': 10, 'min_samples_split': 5, 'n_estimators': 10}",0.3560778650999133,0.6509144182612332,0.2847561078145181,0.4755026169535423,0.6292317236780287
4,Five_countries,if_emo_vio,WeightedRandomForest,"{'class_weight': 'balanced', 'criterion': 'gini', 'max_depth': 15, 'min_samples_split': 2, 'n_estimators': 10}",0.28403340454001913,0.7221748374298346,0.2981807660752961,0.27154589111314953,0.6029420673549748
5,Five_countries,if_emo_vio,WeightedRandomForest,"{'class_weight': 'balanced', 'criterion': 'gini', 'max_depth': 15, 'min_samples_split': 5, 'n_estimators': 10}",0.3047977858376991,0.715054219707685,0.30246738838447607,0.3075433011385097,0.6081221966822652
6,Five_countries,if_emo_vio,WeightedRandomForest,"{'class_weight': 'balanced', 'criterion': 'entropy', 'max_depth': 5, 'min_samples_split': 2, 'n_estimators': 10}",0.36760926268044136,0.6140340752404082,0.27544232928713874,0.5530982571628986,0.6320720085421583
7,Five_countries,if_emo_vio,WeightedRandomForest,"{'class_weight': 'balanced', 'criterion': 'entropy', 'max_depth': 5, 'min_samples_split': 5, 'n_estimators': 10}",0.36446219543028996,0.6154962504336687,0.274706085553244,0.5428646198672638,0.6320633393070277
8,Five_countries,if_emo_vio,WeightedRandomForest,"{'class_weight': 'balanced', 'criterion': 'entropy', 'max_depth': 10, 'min_samples_split': 2, 'n_estimators': 10}",0.34456626370564064,0.6521414338199317,0.27914927320007243,0.45064317703555823,0.6247223466598631
9,Five_countries,if_emo_vio,WeightedRandomForest,"{'class_weight': 'balanced', 'criterion': 'entropy', 'max_depth': 10, 'min_samples_split': 5, 'n_estimators': 10}",0.35001743992058904,0.6468121791963564,0.2795406402985224,0.4685210165650461,0.6290951182826527
10,Five_countries,if_emo_vio,WeightedRandomForest,"{'class_weight': 'balanced', 'criterion': 'entropy', 'max_depth': 15, 'min_samples_split': 2, 'n_estimators': 10}",0.2952076529802549,0.7201011004065366,0.3024925145942653,0.2887433227216317,0.6052501407757583
11,Five_countries,if_emo_vio,WeightedRandomForest,"{'class_weight': 'balanced', 'criterion': 'entropy', 'max_depth': 15, 'min_samples_split': 5, 'n_estimators': 10}",0.30771456139465503,0.7110931787248805,0.2998427063790582,0.3166060540657206,0.6101937905365913
12,Five_countries,if_emo_vio,WeightedRandomForest,"{'class_weight': 'balanced_subsample', 'criterion': 'gini', 'max_depth': 5, 'min_samples_split': 2, 'n_estimators': 10}",0.3625201649567849,0.6037089126702427,0.2694608700437512,0.5551578265796147,0.6298231872685754
13,Five_countries,if_emo_vio,WeightedRandomForest,"{'class_weight': 'balanced_subsample', 'criterion': 'gini', 'max_depth': 5, 'min_samples_split': 5, 'n_estimators': 10}",0.3645297824610196,0.6112528132867194,0.27287932396383874,0.5493735498839907,0.632058918138424
14,Five_countries,if_emo_vio,WeightedRandomForest,"{'class_weight': 'balanced_subsample', 'criterion': 'gini', 'max_depth': 10, 'min_samples_split': 2, 'n_estimators': 10}",0.3500180085589127,0.6607244046507077,0.2868599108515491,0.44971941941401816,0.6268118562979548
15,Five_countries,if_emo_vio,WeightedRandomForest,"{'class_weight': 'balanced_subsample', 'criterion': 'gini', 'max_depth': 10, 'min_samples_split': 5, 'n_estimators': 10}",0.35853287824139746,0.6547363516675118,0.2880872205867281,0.4752522527383586,0.6300786515237263
16,Five_countries,if_emo_vio,WeightedRandomForest,"{'class_weight': 'balanced_subsample', 'criterion': 'gini', 'max_depth': 15, 'min_samples_split': 2, 'n_estimators': 10}",0.279956324974984,0.7218467170167152,0.2957892278229277,0.26712189068148706,0.5994965529556809
17,Five_countries,if_emo_vio,WeightedRandomForest,"{'class_weight': 'balanced_subsample', 'criterion': 'gini', 'max_depth': 15, 'min_samples_split': 5, 'n_estimators': 10}",0.29642316105885114,0.712601678631475,0.2946195051960815,0.29849026061619816,0.6090717599927065
18,Five_countries,if_emo_vio,WeightedRandomForest,"{'class_weight': 'balanced_subsample', 'criterion': 'entropy', 'max_depth': 5, 'min_samples_split': 2, 'n_estimators': 10}",0.36979886000948753,0.6088948787061995,0.27506380476536163,0.565169697296714,0.6312748173384087
19,Five_countries,if_emo_vio,WeightedRandomForest,"{'class_weight': 'balanced_subsample', 'criterion': 'entropy', 'max_depth': 5, 'min_samples_split': 5, 'n_estimators': 10}",0.3655080741617779,0.6067709695497852,0.2719128146602222,0.5586872066044354,0.6282060743585591
20,Five_countries,if_emo_vio,WeightedRandomForest,"{'class_weight': 'balanced_subsample', 'criterion': 'entropy', 'max_depth': 10, 'min_samples_split': 2, 'n_estimators': 10}",0.35442687471965184,0.6499724453577432,0.28340877666370035,0.4734015000269789,0.6239476143676476
21,Five_countries,if_emo_vio,WeightedRandomForest,"{'class_weight': 'balanced_subsample', 'criterion': 'entropy', 'max_depth': 10, 'min_samples_split': 5, 'n_estimators': 10}",0.36192823106005845,0.6511037869285581,0.2880297410857958,0.4873285490746236,0.6299561971843934
22,Five_countries,if_emo_vio,WeightedRandomForest,"{'class_weight': 'balanced_subsample', 'criterion': 'entropy', 'max_depth': 15, 'min_samples_split': 2, 'n_estimators': 10}",0.29702287385748655,0.717695150916709,0.3005065814342219,0.2940802892138348,0.6085050307346572
23,Five_countries,if_emo_vio,WeightedRandomForest,"{'class_weight': 'balanced_subsample', 'criterion': 'entropy', 'max_depth': 15, 'min_samples_split': 5, 'n_estimators': 10}",0.3052094479034396,0.707414066878386,0.29508087330278643,0.3168483246101549,0.6077764056101537
0,Five_countries,if_phy_vio,WeightedRandomForest,"{'class_weight': 'balanced', 'criterion': 'gini', 'max_depth': 5, 'min_samples_split': 2, 'n_estimators': 10}",0.3363229307479188,0.6852471244429025,0.24175303708871687,0.5540983606557377,0.6822580507935901
1,Five_countries,if_phy_vio,WeightedRandomForest,"{'class_weight': 'balanced', 'criterion': 'gini', 'max_depth': 5, 'min_samples_split': 5, 'n_estimators': 10}",0.3343140649471036,0.6802017115458178,0.23896123289448834,0.5580327868852459,0.6795800413054034
2,Five_countries,if_phy_vio,WeightedRandomForest,"{'class_weight': 'balanced', 'criterion': 'gini', 'max_depth': 10, 'min_samples_split': 2, 'n_estimators': 10}",0.3321757302605544,0.7384447973099195,0.26268207991438214,0.45213114754098366,0.6729519431763223
3,Five_countries,if_phy_vio,WeightedRandomForest,"{'class_weight': 'balanced', 'criterion': 'gini', 'max_depth': 10, 'min_samples_split': 5, 'n_estimators': 10}",0.33680893353194746,0.740142977235729,0.2661735940398698,0.458688524590164,0.6748059920787209
4,Five_countries,if_phy_vio,WeightedRandomForest,"{'class_weight': 'balanced', 'criterion': 'gini', 'max_depth': 15, 'min_samples_split': 2, 'n_estimators': 10}",0.2718818180663801,0.8067815555140421,0.2970804220917088,0.25114754098360653,0.6431464897966979
5,Five_countries,if_phy_vio,WeightedRandomForest,"{'class_weight': 'balanced', 'criterion': 'gini', 'max_depth': 15, 'min_samples_split': 5, 'n_estimators': 10}",0.2914104915711752,0.7997550105414855,0.2973867338829265,0.2862295081967213,0.6575305245081977
6,Five_countries,if_phy_vio,WeightedRandomForest,"{'class_weight': 'balanced', 'criterion': 'entropy', 'max_depth': 5, 'min_samples_split': 2, 'n_estimators': 10}",0.33780537160271995,0.6921344728812503,0.2450103856421098,0.5449180327868851,0.6836956107388479
7,Five_countries,if_phy_vio,WeightedRandomForest,"{'class_weight': 'balanced', 'criterion': 'entropy', 'max_depth': 5, 'min_samples_split': 5, 'n_estimators': 10}",0.33646375977960663,0.6907189559926342,0.2437804661592411,0.5439344262295082,0.6829261792740458
8,Five_countries,if_phy_vio,WeightedRandomForest,"{'class_weight': 'balanced', 'criterion': 'entropy', 'max_depth': 10, 'min_samples_split': 2, 'n_estimators': 10}",0.33649082526948526,0.7428786706163879,0.2675514147334487,0.4534426229508197,0.6739184694261032
9,Five_countries,if_phy_vio,WeightedRandomForest,"{'class_weight': 'balanced', 'criterion': 'entropy', 'max_depth': 10, 'min_samples_split': 5, 'n_estimators': 10}",0.33722381953788594,0.7378308558618664,0.26522076815213935,0.4632786885245902,0.6740872062371518
10,Five_countries,if_phy_vio,WeightedRandomForest,"{'class_weight': 'balanced', 'criterion': 'entropy', 'max_depth': 15, 'min_samples_split': 2, 'n_estimators': 10}",0.27631560560203916,0.8038100797950415,0.29435697650781245,0.260655737704918,0.6439752715678089
11,Five_countries,if_phy_vio,WeightedRandomForest,"{'class_weight': 'balanced', 'criterion': 'entropy', 'max_depth': 15, 'min_samples_split': 5, 'n_estimators': 10}",0.2909116594732769,0.7952742342967449,0.28997246288074086,0.29213114754098357,0.6536079211099023
12,Five_countries,if_phy_vio,WeightedRandomForest,"{'class_weight': 'balanced_subsample', 'criterion': 'gini', 'max_depth': 5, 'min_samples_split': 2, 'n_estimators': 10}",0.33707333187677607,0.6857197343723591,0.24247582161113984,0.5550819672131148,0.6833809706769833
13,Five_countries,if_phy_vio,WeightedRandomForest,"{'class_weight': 'balanced_subsample', 'criterion': 'gini', 'max_depth': 5, 'min_samples_split': 5, 'n_estimators': 10}",0.34176262079299846,0.6859078353927036,0.24468716192999934,0.5675409836065575,0.6833739393879711
14,Five_countries,if_phy_vio,WeightedRandomForest,"{'class_weight': 'balanced_subsample', 'criterion': 'gini', 'max_depth': 10, 'min_samples_split': 2, 'n_estimators': 10}",0.33677018667899805,0.7387754085381583,0.26541375871827266,0.4609836065573771,0.6784193227103523
15,Five_countries,if_phy_vio,WeightedRandomForest,"{'class_weight': 'balanced_subsample', 'criterion': 'gini', 'max_depth': 10, 'min_samples_split': 5, 'n_estimators': 10}",0.3358525947174079,0.7373607589869499,0.2639358852814647,0.46196721311475414,0.6737360230687157
16,Five_countries,if_phy_vio,WeightedRandomForest,"{'class_weight': 'balanced_subsample', 'criterion': 'gini', 'max_depth': 15, 'min_samples_split': 2, 'n_estimators': 10}",0.26499007183511936,0.8067336295624171,0.29274110778112145,0.24229508196721308,0.6426141972950749
17,Five_countries,if_phy_vio,WeightedRandomForest,"{'class_weight': 'balanced_subsample', 'criterion': 'gini', 'max_depth': 15, 'min_samples_split': 5, 'n_estimators': 10}",0.288925699081825,0.8014514335530588,0.2984053700751076,0.280327868852459,0.6435895979298356
18,Five_countries,if_phy_vio,WeightedRandomForest,"{'class_weight': 'balanced_subsample', 'criterion': 'entropy', 'max_depth': 5, 'min_samples_split': 2, 'n_estimators': 10}",0.3370175177435365,0.6819929634472881,0.2407416728012665,0.5619672131147542,0.6839657392646635
19,Five_countries,if_phy_vio,WeightedRandomForest,"{'class_weight': 'balanced_subsample', 'criterion': 'entropy', 'max_depth': 5, 'min_samples_split': 5, 'n_estimators': 10}",0.3324444053147303,0.6818986238246466,0.2383483841421369,0.5504918032786886,0.6823932087108604
20,Five_countries,if_phy_vio,WeightedRandomForest,"{'class_weight': 'balanced_subsample', 'criterion': 'entropy', 'max_depth': 10, 'min_samples_split': 2, 'n_estimators': 10}",0.3387520885141435,0.7405201355715085,0.2674359687359661,0.46229508196721314,0.6769886184335261
21,Five_countries,if_phy_vio,WeightedRandomForest,"{'class_weight': 'balanced_subsample', 'criterion': 'entropy', 'max_depth': 10, 'min_samples_split': 5, 'n_estimators': 10}",0.3381893240983446,0.7390580048570894,0.26624955752064117,0.4636065573770492,0.6778629734717925
22,Five_countries,if_phy_vio,WeightedRandomForest,"{'class_weight': 'balanced_subsample', 'criterion': 'entropy', 'max_depth': 15, 'min_samples_split': 2, 'n_estimators': 10}",0.2632459616269641,0.804140401910811,0.2873193065767141,0.24327868852459017,0.6388279953330982
23,Five_countries,if_phy_vio,WeightedRandomForest,"{'class_weight': 'balanced_subsample', 'criterion': 'entropy', 'max_depth': 15, 'min_samples_split': 5, 'n_estimators': 10}",0.2823634671345729,0.7952270422460035,0.2845675121848247,0.28065573770491803,0.6515706739294307
0,Five_countries,if_sex_vio,WeightedRandomForest,"{'class_weight': 'balanced', 'criterion': 'gini', 'max_depth': 5, 'min_samples_split': 2, 'n_estimators': 10}",0.13156056211889117,0.68237239020398,0.07455943836068028,0.5605372405372405,0.6728190759985136
1,Five_countries,if_sex_vio,WeightedRandomForest,"{'class_weight': 'balanced', 'criterion': 'gini', 'max_depth': 5, 'min_samples_split': 5, 'n_estimators': 10}",0.12878359803938783,0.6898689208543496,0.07322344833146753,0.5351892551892552,0.6668722883197811
2,Five_countries,if_sex_vio,WeightedRandomForest,"{'class_weight': 'balanced', 'criterion': 'gini', 'max_depth': 10, 'min_samples_split': 2, 'n_estimators': 10}",0.13221192389887748,0.8299379964950674,0.084863288573959,0.3028571428571428,0.6408849429546916
3,Five_countries,if_sex_vio,WeightedRandomForest,"{'class_weight': 'balanced', 'criterion': 'gini', 'max_depth': 10, 'min_samples_split': 5, 'n_estimators': 10}",0.12568505793843596,0.8365399242080542,0.08182509553300593,0.2731013431013431,0.6412326983698331
4,Five_countries,if_sex_vio,WeightedRandomForest,"{'class_weight': 'balanced', 'criterion': 'gini', 'max_depth': 15, 'min_samples_split': 2, 'n_estimators': 10}",0.05616967225872138,0.9347763381459439,0.07573584241756201,0.04515262515262515,0.5948015007660639
5,Five_countries,if_sex_vio,WeightedRandomForest,"{'class_weight': 'balanced', 'criterion': 'gini', 'max_depth': 15, 'min_samples_split': 5, 'n_estimators': 10}",0.06805138916590918,0.9288809790682573,0.07964461809043352,0.060610500610500606,0.6101903838195151
6,Five_countries,if_sex_vio,WeightedRandomForest,"{'class_weight': 'balanced', 'criterion': 'entropy', 'max_depth': 5, 'min_samples_split': 2, 'n_estimators': 10}",0.13262519846907658,0.6893496748596692,0.07536666632155006,0.554078144078144,0.677153191310135
7,Five_countries,if_sex_vio,WeightedRandomForest,"{'class_weight': 'balanced', 'criterion': 'entropy', 'max_depth': 5, 'min_samples_split': 5, 'n_estimators': 10}",0.13218901128286178,0.6783628228051917,0.07474917520708456,0.5715995115995115,0.6805663575464747
8,Five_countries,if_sex_vio,WeightedRandomForest,"{'class_weight': 'balanced', 'criterion': 'entropy', 'max_depth': 10, 'min_samples_split': 2, 'n_estimators': 10}",0.12663179247676107,0.8351717995249659,0.08214611540174138,0.2786202686202686,0.6437404167328953
9,Five_countries,if_sex_vio,WeightedRandomForest,"{'class_weight': 'balanced', 'criterion': 'entropy', 'max_depth': 10, 'min_samples_split': 5, 'n_estimators': 10}",0.1337559527207497,0.8290875388077893,0.08577086210593939,0.30615384615384617,0.6384411973887607
10,Five_countries,if_sex_vio,WeightedRandomForest,"{'class_weight': 'balanced', 'criterion': 'entropy', 'max_depth': 15, 'min_samples_split': 2, 'n_estimators': 10}",0.06123906410410477,0.9333613105245835,0.08239530360754808,0.05069597069597069,0.6001010058243124
11,Five_countries,if_sex_vio,WeightedRandomForest,"{'class_weight': 'balanced', 'criterion': 'entropy', 'max_depth': 15, 'min_samples_split': 5, 'n_estimators': 10}",0.07189273809124226,0.926995343065304,0.07975839951544919,0.06610500610500611,0.6012253480484306
12,Five_countries,if_sex_vio,WeightedRandomForest,"{'class_weight': 'balanced_subsample', 'criterion': 'gini', 'max_depth': 5, 'min_samples_split': 2, 'n_estimators': 10}",0.13713679839455178,0.6834102372501402,0.07765587960526063,0.5870695970695972,0.67700082049188
13,Five_countries,if_sex_vio,WeightedRandomForest,"{'class_weight': 'balanced_subsample', 'criterion': 'gini', 'max_depth': 5, 'min_samples_split': 5, 'n_estimators': 10}",0.12951292132737327,0.6796819318050403,0.0733605201638923,0.5551404151404151,0.6718712687130457
14,Five_countries,if_sex_vio,WeightedRandomForest,"{'class_weight': 'balanced_subsample', 'criterion': 'gini', 'max_depth': 10, 'min_samples_split': 2, 'n_estimators': 10}",0.12218822042497053,0.8368682447759601,0.07976412598707219,0.2631990231990232,0.6390710175488137
15,Five_countries,if_sex_vio,WeightedRandomForest,"{'class_weight': 'balanced_subsample', 'criterion': 'gini', 'max_depth': 10, 'min_samples_split': 5, 'n_estimators': 10}",0.12773472872373476,0.833711937231459,0.08259950801595364,0.2841269841269841,0.6377591349596451
16,Five_countries,if_sex_vio,WeightedRandomForest,"{'class_weight': 'balanced_subsample', 'criterion': 'gini', 'max_depth': 15, 'min_samples_split': 2, 'n_estimators': 10}",0.047179679356814865,0.9337866394456157,0.05943195872228131,0.039645909645909645,0.6138834727697596
17,Five_countries,if_sex_vio,WeightedRandomForest,"{'class_weight': 'balanced_subsample', 'criterion': 'gini', 'max_depth': 15, 'min_samples_split': 5, 'n_estimators': 10}",0.076107994734384,0.9283628450446123,0.08648980384022548,0.06831501831501832,0.5987977394804098
18,Five_countries,if_sex_vio,WeightedRandomForest,"{'class_weight': 'balanced_subsample', 'criterion': 'entropy', 'max_depth': 5, 'min_samples_split': 2, 'n_estimators': 10}",0.12961902708737078,0.6811464198980545,0.07347113151078048,0.5528571428571428,0.669890350064984
19,Five_countries,if_sex_vio,WeightedRandomForest,"{'class_weight': 'balanced_subsample', 'criterion': 'entropy', 'max_depth': 5, 'min_samples_split': 5, 'n_estimators': 10}",0.13568881430423907,0.6885035538594291,0.07704406067160692,0.5705616605616605,0.675905767973045
20,Five_countries,if_sex_vio,WeightedRandomForest,"{'class_weight': 'balanced_subsample', 'criterion': 'entropy', 'max_depth': 10, 'min_samples_split': 2, 'n_estimators': 10}",0.1230582871631313,0.8304576872781618,0.07915630345787,0.2797069597069597,0.6361014893667284
21,Five_countries,if_sex_vio,WeightedRandomForest,"{'class_weight': 'balanced_subsample', 'criterion': 'entropy', 'max_depth': 10, 'min_samples_split': 5, 'n_estimators': 10}",0.13176919678501214,0.8324846103208703,0.084961792586083,0.2962271062271062,0.648266542554897
22,Five_countries,if_sex_vio,WeightedRandomForest,"{'class_weight': 'balanced_subsample', 'criterion': 'entropy', 'max_depth': 15, 'min_samples_split': 2, 'n_estimators': 10}",0.0644532332114924,0.932889968242107,0.08216706888706453,0.053968253968253964,0.5958434990822029
23,Five_countries,if_sex_vio,WeightedRandomForest,"{'class_weight': 'balanced_subsample', 'criterion': 'entropy', 'max_depth': 15, 'min_samples_split': 5, 'n_estimators': 10}",0.06858070417783688,0.9260041765632089,0.07364849741271948,0.06504273504273504,0.5857341832093171
0,Five_countries,if_vio,WeightedRandomForest,"{'class_weight': 'balanced', 'criterion': 'gini', 'max_depth': 5, 'min_samples_split': 2, 'n_estimators': 10}",0.4232551680942621,0.6054027336695934,0.34022055897668957,0.5604191409012664,0.6311308141190167
1,Five_countries,if_vio,WeightedRandomForest,"{'class_weight': 'balanced', 'criterion': 'gini', 'max_depth': 5, 'min_samples_split': 5, 'n_estimators': 10}",0.4193558863988402,0.6084696832216914,0.3402336725920839,0.547101309064706,0.6310662527061134
2,Five_countries,if_vio,WeightedRandomForest,"{'class_weight': 'balanced', 'criterion': 'gini', 'max_depth': 10, 'min_samples_split': 2, 'n_estimators': 10}",0.4061138237857368,0.6485097586578064,0.3606412911661683,0.4651356436568409,0.6292483311587995
3,Five_countries,if_vio,WeightedRandomForest,"{'class_weight': 'balanced', 'criterion': 'gini', 'max_depth': 10, 'min_samples_split': 5, 'n_estimators': 10}",0.4078841738267503,0.6438879400069387,0.3577271681000787,0.4746230267284058,0.6321991712764736
4,Five_countries,if_vio,WeightedRandomForest,"{'class_weight': 'balanced', 'criterion': 'gini', 'max_depth': 15, 'min_samples_split': 2, 'n_estimators': 10}",0.33515106156117236,0.6803911914102463,0.36221123869058797,0.312153551555265,0.6044994876108369
5,Five_countries,if_vio,WeightedRandomForest,"{'class_weight': 'balanced', 'criterion': 'gini', 'max_depth': 15, 'min_samples_split': 5, 'n_estimators': 10}",0.35617323323609285,0.6752967183510804,0.3652233481375954,0.3477545069990259,0.6108904762993996
6,Five_countries,if_vio,WeightedRandomForest,"{'class_weight': 'balanced', 'criterion': 'entropy', 'max_depth': 5, 'min_samples_split': 2, 'n_estimators': 10}",0.42520540002532375,0.6110627107185111,0.34421325211116033,0.5569586597098974,0.6322474389704045
7,Five_countries,if_vio,WeightedRandomForest,"{'class_weight': 'balanced', 'criterion': 'entropy', 'max_depth': 5, 'min_samples_split': 5, 'n_estimators': 10}",0.42612528514845244,0.6091296602706093,0.34341680287725,0.5617021844433472,0.6352454148576852
8,Five_countries,if_vio,WeightedRandomForest,"{'class_weight': 'balanced', 'criterion': 'entropy', 'max_depth': 10, 'min_samples_split': 2, 'n_estimators': 10}",0.4127363892885428,0.6478486696378533,0.36281618970529633,0.479009594470169,0.630739463142379
9,Five_countries,if_vio,WeightedRandomForest,"{'class_weight': 'balanced', 'criterion': 'entropy', 'max_depth': 10, 'min_samples_split': 5, 'n_estimators': 10}",0.4072066873910439,0.6412005951268982,0.3555259485411582,0.4768171446109502,0.6300223602851813
10,Five_countries,if_vio,WeightedRandomForest,"{'class_weight': 'balanced', 'criterion': 'entropy', 'max_depth': 15, 'min_samples_split': 2, 'n_estimators': 10}",0.34759848221044665,0.6788333422291015,0.36588095146665933,0.3313178051481872,0.6076139179743445
11,Five_countries,if_vio,WeightedRandomForest,"{'class_weight': 'balanced', 'criterion': 'entropy', 'max_depth': 15, 'min_samples_split': 5, 'n_estimators': 10}",0.359432644943398,0.6710047770275679,0.3616590164656158,0.35760385113225424,0.6087114453673383
12,Five_countries,if_vio,WeightedRandomForest,"{'class_weight': 'balanced_subsample', 'criterion': 'gini', 'max_depth': 5, 'min_samples_split': 2, 'n_estimators': 10}",0.4211961021815852,0.6081400282885431,0.3410603315067947,0.5514765342478549,0.6297646644741071
13,Five_countries,if_vio,WeightedRandomForest,"{'class_weight': 'balanced_subsample', 'criterion': 'gini', 'max_depth': 5, 'min_samples_split': 5, 'n_estimators': 10}",0.4195490484998266,0.6075739015950112,0.3396728973359973,0.5491009354274811,0.6320254143091543
14,Five_countries,if_vio,WeightedRandomForest,"{'class_weight': 'balanced_subsample', 'criterion': 'gini', 'max_depth': 10, 'min_samples_split': 2, 'n_estimators': 10}",0.4055434873511601,0.6440760410272833,0.35677195267032963,0.4700649861887668,0.6274680657833765
15,Five_countries,if_vio,WeightedRandomForest,"{'class_weight': 'balanced_subsample', 'criterion': 'gini', 'max_depth': 10, 'min_samples_split': 5, 'n_estimators': 10}",0.410993037708289,0.6444066300161013,0.35929462333135076,0.48028796754693814,0.6297313612180755
16,Five_countries,if_vio,WeightedRandomForest,"{'class_weight': 'balanced_subsample', 'criterion': 'gini', 'max_depth': 15, 'min_samples_split': 2, 'n_estimators': 10}",0.3375122682388976,0.685577913586507,0.37011236864993774,0.31050254206754824,0.6082073658052413
17,Five_countries,if_vio,WeightedRandomForest,"{'class_weight': 'balanced_subsample', 'criterion': 'gini', 'max_depth': 15, 'min_samples_split': 5, 'n_estimators': 10}",0.35349415651395494,0.6732682607883429,0.3618246465690283,0.3457408692403155,0.6095297654887759
18,Five_countries,if_vio,WeightedRandomForest,"{'class_weight': 'balanced_subsample', 'criterion': 'entropy', 'max_depth': 5, 'min_samples_split': 2, 'n_estimators': 10}",0.4206641157062657,0.6038954569311379,0.33824516964760787,0.5565880249269406,0.6320987621907286
19,Five_countries,if_vio,WeightedRandomForest,"{'class_weight': 'balanced_subsample', 'criterion': 'entropy', 'max_depth': 5, 'min_samples_split': 5, 'n_estimators': 10}",0.421466436170652,0.6049796286906318,0.33904145011061204,0.5571468127410294,0.6327227381840507
20,Five_countries,if_vio,WeightedRandomForest,"{'class_weight': 'balanced_subsample', 'criterion': 'entropy', 'max_depth': 10, 'min_samples_split': 2, 'n_estimators': 10}",0.40746514940912026,0.6416721598035815,0.35584906806501104,0.4768144757736292,0.6263772023746595
21,Five_countries,if_vio,WeightedRandomForest,"{'class_weight': 'balanced_subsample', 'criterion': 'entropy', 'max_depth': 10, 'min_samples_split': 5, 'n_estimators': 10}",0.4048107106932606,0.6400680526273651,0.35348292076682464,0.47389843739574855,0.6279165716489223
22,Five_countries,if_vio,WeightedRandomForest,"{'class_weight': 'balanced_subsample', 'criterion': 'entropy', 'max_depth': 15, 'min_samples_split': 2, 'n_estimators': 10}",0.352852067842181,0.6847765827795718,0.375864002603345,0.33296848103123877,0.6113683127379625
23,Five_countries,if_vio,WeightedRandomForest,"{'class_weight': 'balanced_subsample', 'criterion': 'entropy', 'max_depth': 15, 'min_samples_split': 5, 'n_estimators': 10}",0.361718716321131,0.6728455561189544,0.3648754057795264,0.35889523479096336,0.6094443915173906
0,Five_countries,if_emo_vio,DecisionTree,"{'criterion': 'gini', 'max_depth': 5, 'min_samples_split': 2}",0.06702650369381993,0.7961704829512601,0.47712595756777787,0.03646954081907948,0.6121065405568411
1,Five_countries,if_emo_vio,DecisionTree,"{'criterion': 'gini', 'max_depth': 5, 'min_samples_split': 5}",0.06702650369381993,0.7961704829512601,0.47712595756777787,0.03646954081907948,0.6121065405568411
2,Five_countries,if_emo_vio,DecisionTree,"{'criterion': 'gini', 'max_depth': 10, 'min_samples_split': 2}",0.10395228182228897,0.7833431186784447,0.3273335892487839,0.06225111962445369,0.598123608948762
3,Five_countries,if_emo_vio,DecisionTree,"{'criterion': 'gini', 'max_depth': 10, 'min_samples_split': 5}",0.10186230961042245,0.7833902217715034,0.3240341301889143,0.06085631036529434,0.5972007494420423
4,Five_countries,if_emo_vio,DecisionTree,"{'criterion': 'gini', 'max_depth': 15, 'min_samples_split': 2}",0.18696266549628482,0.7462269933192781,0.2682796493092046,0.14400474828683968,0.556393566009923
5,Five_countries,if_emo_vio,DecisionTree,"{'criterion': 'gini', 'max_depth': 15, 'min_samples_split': 5}",0.18169066252070304,0.7504716758737868,0.27220172057679615,0.13680677710030759,0.5583667889971679
6,Five_countries,if_emo_vio,DecisionTree,"{'criterion': 'entropy', 'max_depth': 5, 'min_samples_split': 2}",0.05115631795275997,0.7959347228523391,0.38358551917019656,0.02787514163923811,0.6100185700899903
7,Five_countries,if_emo_vio,DecisionTree,"{'criterion': 'entropy', 'max_depth': 5, 'min_samples_split': 5}",0.05115631795275997,0.7959347228523391,0.38358551917019656,0.02787514163923811,0.6100185700899903
8,Five_countries,if_emo_vio,DecisionTree,"{'criterion': 'entropy', 'max_depth': 10, 'min_samples_split': 2}",0.09418089659610465,0.784946314038412,0.32635982106752653,0.055283548265256575,0.5943394809439497
9,Five_countries,if_emo_vio,DecisionTree,"{'criterion': 'entropy', 'max_depth': 10, 'min_samples_split': 5}",0.09255236273480691,0.7853236947683987,0.32871922982885116,0.05412345545783198,0.594332670008149
10,Five_countries,if_emo_vio,DecisionTree,"{'criterion': 'entropy', 'max_depth': 15, 'min_samples_split': 2}",0.16832207480278832,0.7540090336526915,0.2675810278247427,0.1233416068634328,0.5609144160485036
11,Five_countries,if_emo_vio,DecisionTree,"{'criterion': 'entropy', 'max_depth': 15, 'min_samples_split': 5}",0.1606416362630452,0.754197824095078,0.26176853044786885,0.11637295634813576,0.5574801069155415
0,Five_countries,if_phy_vio,DecisionTree,"{'criterion': 'gini', 'max_depth': 5, 'min_samples_split': 2}",0.0006514657980456026,0.8557819825109195,0.05,0.0003278688524590164,0.6648648023430402
1,Five_countries,if_phy_vio,DecisionTree,"{'criterion': 'gini', 'max_depth': 5, 'min_samples_split': 5}",0.0006514657980456026,0.8557819825109195,0.05,0.0003278688524590164,0.6648648023430402
2,Five_countries,if_phy_vio,DecisionTree,"{'criterion': 'gini', 'max_depth': 10, 'min_samples_split': 2}",0.13564942105398295,0.8427183466325069,0.3240857189028773,0.08622950819672132,0.6254851235292584
3,Five_countries,if_phy_vio,DecisionTree,"{'criterion': 'gini', 'max_depth': 10, 'min_samples_split': 5}",0.1357737886603798,0.8440388344764396,0.3364088821185595,0.08557377049180329,0.6266871929375359
4,Five_countries,if_phy_vio,DecisionTree,"{'criterion': 'gini', 'max_depth': 15, 'min_samples_split': 2}",0.17676410992962283,0.806263421490397,0.2280052565748257,0.14459016393442625,0.5552471202900013
5,Five_countries,if_phy_vio,DecisionTree,"{'criterion': 'gini', 'max_depth': 15, 'min_samples_split': 5}",0.18041527899040236,0.8134790237783885,0.24579238476410187,0.14295081967213116,0.5608676904088185
6,Five_countries,if_phy_vio,DecisionTree,"{'criterion': 'entropy', 'max_depth': 5, 'min_samples_split': 2}",0.0,0.8559705727985198,0.0,0.0,0.662097196019227
7,Five_countries,if_phy_vio,DecisionTree,"{'criterion': 'entropy', 'max_depth': 5, 'min_samples_split': 5}",0.0,0.8559705727985198,0.0,0.0,0.662097196019227
8,Five_countries,if_phy_vio,DecisionTree,"{'criterion': 'entropy', 'max_depth': 10, 'min_samples_split': 2}",0.1305538285392619,0.845642474624821,0.34546477243827467,0.08065573770491805,0.6292337152322478
9,Five_countries,if_phy_vio,DecisionTree,"{'criterion': 'entropy', 'max_depth': 10, 'min_samples_split': 5}",0.1322002516784534,0.8465383229697633,0.35662782081604216,0.08131147540983606,0.6312912843648841
10,Five_countries,if_phy_vio,DecisionTree,"{'criterion': 'entropy', 'max_depth': 15, 'min_samples_split': 2}",0.16750683227225507,0.8155534057448872,0.24115915065277976,0.12885245901639344,0.5758700578299524
11,Five_countries,if_phy_vio,DecisionTree,"{'criterion': 'entropy', 'max_depth': 15, 'min_samples_split': 5}",0.16705402300406147,0.81937327088504,0.24985111201598795,0.1259016393442623,0.5811429288419825
0,Five_countries,if_sex_vio,DecisionTree,"{'criterion': 'gini', 'max_depth': 5, 'min_samples_split': 2}",0.0,0.9564233006858638,0.0,0.0,0.6387007124670647
1,Five_countries,if_sex_vio,DecisionTree,"{'criterion': 'gini', 'max_depth': 5, 'min_samples_split': 5}",0.0,0.9564704704971845,0.0,0.0,0.6386514271048173
2,Five_countries,if_sex_vio,DecisionTree,"{'criterion': 'gini', 'max_depth': 10, 'min_samples_split': 2}",0.02320914239626433,0.9490664335975376,0.06328480556102041,0.014334554334554333,0.5845530047489553
3,Five_countries,if_sex_vio,DecisionTree,"{'criterion': 'gini', 'max_depth': 10, 'min_samples_split': 5}",0.027571659182347042,0.9503870548779944,0.08838752913752913,0.01653235653235653,0.5919041638502195
4,Five_countries,if_sex_vio,DecisionTree,"{'criterion': 'gini', 'max_depth': 15, 'min_samples_split': 2}",0.061265384362272524,0.9293057742431927,0.07131248060276442,0.054004884004884,0.5260374596440653
5,Five_countries,if_sex_vio,DecisionTree,"{'criterion': 'gini', 'max_depth': 15, 'min_samples_split': 5}",0.048798748510766744,0.9356253280314555,0.06694153193577451,0.038571428571428576,0.52628576132198
6,Five_countries,if_sex_vio,DecisionTree,"{'criterion': 'entropy', 'max_depth': 5, 'min_samples_split': 2}",0.0,0.9568949098413885,0.0,0.0,0.6470452045815653
7,Five_countries,if_sex_vio,DecisionTree,"{'criterion': 'entropy', 'max_depth': 5, 'min_samples_split': 5}",0.0,0.9568949098413885,0.0,0.0,0.6470906987621013
8,Five_countries,if_sex_vio,DecisionTree,"{'criterion': 'entropy', 'max_depth': 10, 'min_samples_split': 2}",0.02568338158232214,0.9509526923042708,0.07800442376680768,0.015409035409035408,0.5764075670264637
9,Five_countries,if_sex_vio,DecisionTree,"{'criterion': 'entropy', 'max_depth': 10, 'min_samples_split': 5}",0.022497843870681388,0.9519429692295376,0.07849194493157341,0.0131990231990232,0.57385907992007
10,Five_countries,if_sex_vio,DecisionTree,"{'criterion': 'entropy', 'max_depth': 15, 'min_samples_split': 2}",0.04816555831523188,0.9342576258973606,0.061883075884594664,0.039621489621489626,0.5318891201008747
11,Five_countries,if_sex_vio,DecisionTree,"{'criterion': 'entropy', 'max_depth': 15, 'min_samples_split': 5}",0.048932926655285196,0.9384079021109658,0.07172373474028523,0.037423687423687416,0.5352916293947911
0,Five_countries,if_vio,DecisionTree,"{'criterion': 'gini', 'max_depth': 5, 'min_samples_split': 2}",0.10890390025342392,0.743491922642399,0.4601194280482175,0.0624401179626096,0.6157810268215805
1,Five_countries,if_vio,DecisionTree,"{'criterion': 'gini', 'max_depth': 5, 'min_samples_split': 5}",0.10890390025342392,0.743491922642399,0.4601194280482175,0.0624401179626096,0.6157810268215805
2,Five_countries,if_vio,DecisionTree,"{'criterion': 'gini', 'max_depth': 10, 'min_samples_split': 2}",0.20203670866393592,0.724816257906114,0.4045183321909443,0.1352626803133215,0.5968637866613938
3,Five_countries,if_vio,DecisionTree,"{'criterion': 'gini', 'max_depth': 10, 'min_samples_split': 5}",0.2030622402715962,0.724627356266624,0.4044706381254827,0.1361750890724456,0.5957174643083646
4,Five_countries,if_vio,DecisionTree,"{'criterion': 'gini', 'max_depth': 15, 'min_samples_split': 2}",0.2728827307705223,0.6858137848825313,0.33970927233843456,0.22873537143543415,0.5539946999786541
5,Five_countries,if_vio,DecisionTree,"{'criterion': 'gini', 'max_depth': 15, 'min_samples_split': 5}",0.26996485459394504,0.6910957362582619,0.3469617197174458,0.22143243171112506,0.5564666664164954
6,Five_countries,if_vio,DecisionTree,"{'criterion': 'entropy', 'max_depth': 5, 'min_samples_split': 2}",0.09842777349039475,0.7411808687607305,0.4297974590108299,0.05696566540786506,0.6160298721921137
7,Five_countries,if_vio,DecisionTree,"{'criterion': 'entropy', 'max_depth': 5, 'min_samples_split': 5}",0.09842777349039475,0.7411808687607305,0.4297974590108299,0.05696566540786506,0.6160298721921137
8,Five_countries,if_vio,DecisionTree,"{'criterion': 'entropy', 'max_depth': 10, 'min_samples_split': 2}",0.18975137837772044,0.7279756789695142,0.41185893878636703,0.12358251377787269,0.601900856469171
9,Five_countries,if_vio,DecisionTree,"{'criterion': 'entropy', 'max_depth': 10, 'min_samples_split': 5}",0.1864343896759999,0.7278812503891899,0.4092829892803687,0.12102576762433448,0.6013327910757329
10,Five_countries,if_vio,DecisionTree,"{'criterion': 'entropy', 'max_depth': 15, 'min_samples_split': 2}",0.2619870486530627,0.6922287457856298,0.34450438227429075,0.2115784171125849,0.5580347146344973
11,Five_countries,if_vio,DecisionTree,"{'criterion': 'entropy', 'max_depth': 15, 'min_samples_split': 5}",0.2564689997104771,0.6951527625808402,0.34657026780271133,0.2037310345747875,0.5588463613706466
0,Five_countries,if_emo_vio,RandomForest,"{'criterion': 'gini', 'max_depth': 5, 'min_samples_split': 2, 'n_estimators': 10}",0.0,0.7969723030254509,0.0,0.0,0.6322110196445715
1,Five_countries,if_emo_vio,RandomForest,"{'criterion': 'gini', 'max_depth': 5, 'min_samples_split': 5, 'n_estimators': 10}",0.0,0.7969723030254509,0.0,0.0,0.6301295054408718
2,Five_countries,if_emo_vio,RandomForest,"{'criterion': 'gini', 'max_depth': 10, 'min_samples_split': 2, 'n_estimators': 10}",0.02603950687635717,0.79617048295126,0.4429003890845996,0.013469486861274482,0.6299016291637314
3,Five_countries,if_emo_vio,RandomForest,"{'criterion': 'gini', 'max_depth': 10, 'min_samples_split': 5, 'n_estimators': 10}",0.033379758666541116,0.7960291291932428,0.4539759643595961,0.017422975233367506,0.6252712642199459
4,Five_countries,if_emo_vio,RandomForest,"{'criterion': 'gini', 'max_depth': 15, 'min_samples_split': 2, 'n_estimators': 10}",0.10304818726696516,0.7884363685694715,0.36889680486682236,0.05993471105595425,0.6067604543752844
5,Five_countries,if_emo_vio,RandomForest,"{'criterion': 'gini', 'max_depth': 15, 'min_samples_split': 5, 'n_estimators': 10}",0.07668858412141802,0.7889075329365821,0.34311835810646274,0.043205093616791666,0.6104968376540323
6,Five_countries,if_emo_vio,RandomForest,"{'criterion': 'entropy', 'max_depth': 5, 'min_samples_split': 2, 'n_estimators': 10}",0.0,0.7969723030254509,0.0,0.0,0.6305752219497546
7,Five_countries,if_emo_vio,RandomForest,"{'criterion': 'entropy', 'max_depth': 5, 'min_samples_split': 5, 'n_estimators': 10}",0.0,0.7969723030254509,0.0,0.0,0.630612305797674
8,Five_countries,if_emo_vio,RandomForest,"{'criterion': 'entropy', 'max_depth': 10, 'min_samples_split': 2, 'n_estimators': 10}",0.02466495569712281,0.7956987403592111,0.42157314580843985,0.012774510332919656,0.6311947309619403
9,Five_countries,if_emo_vio,RandomForest,"{'criterion': 'entropy', 'max_depth': 10, 'min_samples_split': 5, 'n_estimators': 10}",0.021584341281949037,0.7959817814665564,0.3857738095238095,0.011150380402525226,0.6356075933780744
10,Five_countries,if_emo_vio,RandomForest,"{'criterion': 'entropy', 'max_depth': 15, 'min_samples_split': 2, 'n_estimators': 10}",0.09608670493659739,0.7907472445357744,0.3932011714794061,0.054819511142286725,0.6060829009710454
11,Five_countries,if_emo_vio,RandomForest,"{'criterion': 'entropy', 'max_depth': 15, 'min_samples_split': 5, 'n_estimators': 10}",0.07609957307910155,0.79060566838355,0.366160094892054,0.04250634004208708,0.6079167488317587
0,Five_countries,if_phy_vio,RandomForest,"{'criterion': 'gini', 'max_depth': 5, 'min_samples_split': 2, 'n_estimators': 10}",0.0,0.8561592075649613,0.0,0.0,0.6797905531347006
1,Five_countries,if_phy_vio,RandomForest,"{'criterion': 'gini', 'max_depth': 5, 'min_samples_split': 5, 'n_estimators': 10}",0.0,0.8561592075649613,0.0,0.0,0.6817651957808885
2,Five_countries,if_phy_vio,RandomForest,"{'criterion': 'gini', 'max_depth': 10, 'min_samples_split': 2, 'n_estimators': 10}",0.02472327388623844,0.8550744131016875,0.3958225108225108,0.012786885245901639,0.6771935281602702
3,Five_countries,if_phy_vio,RandomForest,"{'criterion': 'gini', 'max_depth': 10, 'min_samples_split': 5, 'n_estimators': 10}",0.027678615419762343,0.854932925907146,0.37929783451842275,0.014426229508196723,0.6780617599539717
4,Five_countries,if_phy_vio,RandomForest,"{'criterion': 'gini', 'max_depth': 15, 'min_samples_split': 2, 'n_estimators': 10}",0.11220428764063309,0.8527632480229155,0.4231961919519602,0.06491803278688525,0.6507958006637276
5,Five_countries,if_phy_vio,RandomForest,"{'criterion': 'gini', 'max_depth': 15, 'min_samples_split': 5, 'n_estimators': 10}",0.08985261587970736,0.8528105735101812,0.4120984774906618,0.05049180327868853,0.657194694835989
6,Five_countries,if_phy_vio,RandomForest,"{'criterion': 'entropy', 'max_depth': 5, 'min_samples_split': 2, 'n_estimators': 10}",0.0,0.8561592075649613,0.0,0.0,0.6819733181556566
7,Five_countries,if_phy_vio,RandomForest,"{'criterion': 'entropy', 'max_depth': 5, 'min_samples_split': 5, 'n_estimators': 10}",0.0,0.8561592075649613,0.0,0.0,0.6823197165460947
8,Five_countries,if_phy_vio,RandomForest,"{'criterion': 'entropy', 'max_depth': 10, 'min_samples_split': 2, 'n_estimators': 10}",0.022885427917482205,0.8554046017809329,0.4119838494838494,0.01180327868852459,0.6757805478844856
9,Five_countries,if_phy_vio,RandomForest,"{'criterion': 'entropy', 'max_depth': 10, 'min_samples_split': 5, 'n_estimators': 10}",0.02465150115068484,0.8555932143079538,0.37777777777777777,0.012786885245901639,0.6787794745149719
10,Five_countries,if_phy_vio,RandomForest,"{'criterion': 'entropy', 'max_depth': 15, 'min_samples_split': 2, 'n_estimators': 10}",0.09197962832648614,0.852621983222581,0.4017727988149035,0.0521311475409836,0.6493425864639157
11,Five_countries,if_phy_vio,RandomForest,"{'criterion': 'entropy', 'max_depth': 15, 'min_samples_split': 5, 'n_estimators': 10}",0.08185358639850229,0.853093570138685,0.4131994075805635,0.04557377049180328,0.6592828322949288
0,Five_countries,if_sex_vio,RandomForest,"{'criterion': 'gini', 'max_depth': 5, 'min_samples_split': 2, 'n_estimators': 10}",0.0,0.9571779064698923,0.0,0.0,0.6718401401023212
1,Five_countries,if_sex_vio,RandomForest,"{'criterion': 'gini', 'max_depth': 5, 'min_samples_split': 5, 'n_estimators': 10}",0.0,0.9571779064698923,0.0,0.0,0.6739622890571184
2,Five_countries,if_sex_vio,RandomForest,"{'criterion': 'gini', 'max_depth': 10, 'min_samples_split': 2, 'n_estimators': 10}",0.0,0.9571307366585715,0.0,0.0,0.6519186542897998
3,Five_countries,if_sex_vio,RandomForest,"{'criterion': 'gini', 'max_depth': 10, 'min_samples_split': 5, 'n_estimators': 10}",0.0,0.9571307366585715,0.0,0.0,0.6494493411918374
4,Five_countries,if_sex_vio,RandomForest,"{'criterion': 'gini', 'max_depth': 15, 'min_samples_split': 2, 'n_estimators': 10}",0.002105263157894737,0.9566591497424675,0.025,0.001098901098901099,0.5963436692614695
5,Five_countries,if_sex_vio,RandomForest,"{'criterion': 'gini', 'max_depth': 15, 'min_samples_split': 5, 'n_estimators': 10}",0.002150537634408602,0.9568949543202299,0.05,0.001098901098901099,0.6201729162795705
6,Five_countries,if_sex_vio,RandomForest,"{'criterion': 'entropy', 'max_depth': 5, 'min_samples_split': 2, 'n_estimators': 10}",0.0,0.9571779064698923,0.0,0.0,0.6795524129878515
7,Five_countries,if_sex_vio,RandomForest,"{'criterion': 'entropy', 'max_depth': 5, 'min_samples_split': 5, 'n_estimators': 10}",0.0,0.9571779064698923,0.0,0.0,0.6758974590227846
8,Five_countries,if_sex_vio,RandomForest,"{'criterion': 'entropy', 'max_depth': 10, 'min_samples_split': 2, 'n_estimators': 10}",0.0,0.9571307588979924,0.0,0.0,0.6488506874298208
9,Five_countries,if_sex_vio,RandomForest,"{'criterion': 'entropy', 'max_depth': 10, 'min_samples_split': 5, 'n_estimators': 10}",0.0,0.9571779064698923,0.0,0.0,0.6539918163997426
10,Five_countries,if_sex_vio,RandomForest,"{'criterion': 'entropy', 'max_depth': 15, 'min_samples_split': 2, 'n_estimators': 10}",0.0,0.9568948876019678,0.0,0.0,0.61128597326383
11,Five_countries,if_sex_vio,RandomForest,"{'criterion': 'entropy', 'max_depth': 15, 'min_samples_split': 5, 'n_estimators': 10}",0.0,0.9570364637541922,0.0,0.0,0.6128047464640487
0,Five_countries,if_vio,RandomForest,"{'criterion': 'gini', 'max_depth': 5, 'min_samples_split': 2, 'n_estimators': 10}",0.012443020858543052,0.7420769617393006,0.4530536130536131,0.006387528523198868,0.6315816311137581
1,Five_countries,if_vio,RandomForest,"{'criterion': 'gini', 'max_depth': 5, 'min_samples_split': 5, 'n_estimators': 10}",0.008930533366923865,0.7417469732148417,0.42683413078149923,0.004562711004950693,0.6321319982517731
2,Five_countries,if_vio,RandomForest,"{'criterion': 'gini', 'max_depth': 10, 'min_samples_split': 2, 'n_estimators': 10}",0.10795223904784963,0.7429260183430741,0.5237350623043449,0.060241329614753335,0.6274999579249144
3,Five_countries,if_vio,RandomForest,"{'criterion': 'gini', 'max_depth': 10, 'min_samples_split': 5, 'n_estimators': 10}",0.10118780861370061,0.740473721900492,0.4834248781309671,0.0565930289969175,0.631901287727749
4,Five_countries,if_vio,RandomForest,"{'criterion': 'gini', 'max_depth': 15, 'min_samples_split': 2, 'n_estimators': 10}",0.18161587532669676,0.7317960333769226,0.4296626918376266,0.11518535075194491,0.6084420134152544
5,Five_countries,if_vio,RandomForest,"{'criterion': 'gini', 'max_depth': 15, 'min_samples_split': 5, 'n_estimators': 10}",0.167827134076564,0.7345318601941057,0.43938121489597604,0.1038698141154806,0.6138160213092189
6,Five_countries,if_vio,RandomForest,"{'criterion': 'entropy', 'max_depth': 5, 'min_samples_split': 2, 'n_estimators': 10}",0.006780926044212968,0.7414167622961758,0.2837229437229437,0.003467820494001788,0.6333728324919841
7,Five_countries,if_vio,RandomForest,"{'criterion': 'entropy', 'max_depth': 5, 'min_samples_split': 5, 'n_estimators': 10}",0.006090125398133232,0.7420296584914556,0.44833333333333336,0.0031025233856870255,0.6341462371794717
8,Five_countries,if_vio,RandomForest,"{'criterion': 'entropy', 'max_depth': 10, 'min_samples_split': 2, 'n_estimators': 10}",0.10049153314073704,0.7421243094659871,0.5138995022693845,0.0558627683849531,0.6301178504969187
9,Five_countries,if_vio,RandomForest,"{'criterion': 'entropy', 'max_depth': 10, 'min_samples_split': 5, 'n_estimators': 10}",0.09571233452050391,0.7428787595740707,0.5232432558894814,0.05275590813861941,0.6327480274911582
10,Five_countries,if_vio,RandomForest,"{'criterion': 'entropy', 'max_depth': 15, 'min_samples_split': 2, 'n_estimators': 10}",0.17727456995744106,0.7333045555229377,0.43479325886729814,0.11153504850611833,0.6122962014710244
11,Five_countries,if_vio,RandomForest,"{'criterion': 'entropy', 'max_depth': 15, 'min_samples_split': 5, 'n_estimators': 10}",0.16730347593264325,0.7364179187460524,0.4546903664380011,0.10259310906203711,0.6151303121506491
